{
  "config": {
    "task": "img-classification",
    "dataset": "cifar-10",
    "metric": "acc",
    "model": "5882bea748a7c6e85e17f1ee6100fd41"
  },
  "hyperparameters": {
    "lr": 0.01,
    "batch": 64,
    "dropout": 0.2,
    "momentum": 0.9,
    "transform": "norm_256_flip",
    "epoch": 5,
    "train_loss": 0.4917998413753022,
    "test_loss": 0.6069300548665842,
    "train_accuracy": 0.83192,
    "gradient_norm": 0.6154035587336281,
    "samples_per_second": 275.10064984918694,
    "best_accuracy": 0.7966,
    "best_epoch": 5,
    "cpu_type": "x86_64",
    "cpu_count": 16,
    "total_ram_kb": 31935512.0,
    "gpu_type": "NVIDIA GeForce RTX 4090",
    "gpu_total_memory_kb": 24670016.0,
    "occupied_ram_kb": 23868296.0,
    "ram_usage_percent": 74.7,
    "cpu_usage_percent": 8.7,
    "occupied_gpu_memory_kb": 197048.0,
    "gpu_memory_usage_percent": 0.8,
    "gpu_memory_kb": 5710981.5
  },
  "model_info": {
    "input_shape": [
      1,
      3,
      256,
      256
    ],
    "output_shape": [
      10
    ]
  },
  "system_info": {
    "cpu_type": "x86_64",
    "cpu_count": 16,
    "total_ram_kb": 31935512.0,
    "gpu_type": "NVIDIA GeForce RTX 4090",
    "gpu_total_memory_kb": 24670016.0
  },
  "training_summary": {
    "total_epochs": 5,
    "best_accuracy": 0.7966,
    "best_epoch": 5,
    "final_train_loss": 0.4917998413753022,
    "final_test_loss": 0.6069300548665842,
    "final_accuracy": 0.7966,
    "gpu_memory_kb": 5710981.5
  },
  "final_resource_usage": {
    "occupied_ram_kb": 23868272.0,
    "ram_usage_percent": 74.7,
    "cpu_usage_percent": 7.0,
    "occupied_gpu_memory_kb": 197048.0,
    "gpu_memory_usage_percent": 0.8
  },
  "learning_curves": {
    "epochs": [
      1,
      2,
      3,
      4,
      5
    ],
    "train_loss": [
      1.5686135305772961,
      0.999745922396555,
      0.744156345877501,
      0.512794100186404,
      0.4917998413753022
    ],
    "test_loss": [
      1.5652785407509773,
      1.012792247116186,
      0.8136174492775254,
      0.6056845727240204,
      0.6069300548665842
    ],
    "train_accuracy": [
      0.43178,
      0.64362,
      0.741,
      0.8243,
      0.83192
    ],
    "test_accuracy": [
      0.4338,
      0.6372,
      0.7142,
      0.7928,
      0.7966
    ],
    "lr": [
      0.01,
      0.01,
      0.01,
      0.01,
      0.01
    ],
    "gradient_norm": [
      0.8387838574862242,
      0.8199208094321808,
      0.6621641395511639,
      1.0063467686226477,
      0.6154035587336281
    ]
  },
  "epoch_details": [
    {
      "epoch": 1,
      "train_loss": 1.5686135305772961,
      "test_loss": 1.5652785407509773,
      "train_accuracy": 0.43178,
      "test_accuracy": 0.4338,
      "lr": 0.01,
      "gradient_norm": 0.8387838574862242,
      "samples_per_second": 279.2080420923821
    },
    {
      "epoch": 2,
      "train_loss": 0.999745922396555,
      "test_loss": 1.012792247116186,
      "train_accuracy": 0.64362,
      "test_accuracy": 0.6372,
      "lr": 0.01,
      "gradient_norm": 0.8199208094321808,
      "samples_per_second": 282.05664408520903
    },
    {
      "epoch": 3,
      "train_loss": 0.744156345877501,
      "test_loss": 0.8136174492775254,
      "train_accuracy": 0.741,
      "test_accuracy": 0.7142,
      "lr": 0.01,
      "gradient_norm": 0.6621641395511639,
      "samples_per_second": 277.27729216990446
    },
    {
      "epoch": 4,
      "train_loss": 0.512794100186404,
      "test_loss": 0.6056845727240204,
      "train_accuracy": 0.8243,
      "test_accuracy": 0.7928,
      "lr": 0.01,
      "gradient_norm": 1.0063467686226477,
      "samples_per_second": 276.3875975372741
    },
    {
      "epoch": 5,
      "train_loss": 0.4917998413753022,
      "test_loss": 0.6069300548665842,
      "train_accuracy": 0.83192,
      "test_accuracy": 0.7966,
      "lr": 0.01,
      "gradient_norm": 0.6154035587336281,
      "samples_per_second": 275.10064984918694
    }
  ]
}